Escenario,AC ID,Acción,Contexto,Epic,Historia de Origen,Resultado,US ID,UUID
Creación exitosa de un plan preventivo,AC-MTTO-001-1,"Cuando selecciona el activo, define la frecuencia, establece el método de programación y guarda el plan.",Dado que el Planificador está autenticado y el activo está registrado con identificación completa.,MTTO,MTTO-001: Programación de Mantenimiento Preventivo (https://www.notion.so/MTTO-001-Programaci-n-de-Mantenimiento-Preventivo-2c587c56a82880949bb9fec30ac87fcc?pvs=21),Entonces el sistema confirma la creación del plan y lo muestra como programado en el calendario operativo.,MTTO-001,1
Validación de campos obligatorios,AC-MTTO-001-2,Cuando intenta guardar un plan sin seleccionar un activo o sin definir la frecuencia.,Dado que el Planificador está autenticado.,MTTO,MTTO-001: Programación de Mantenimiento Preventivo (https://www.notion.so/MTTO-001-Programaci-n-de-Mantenimiento-Preventivo-2c587c56a82880949bb9fec30ac87fcc?pvs=21),Entonces el sistema informa los campos obligatorios faltantes y no genera la programación.,MTTO-001,2
Registro de trazabilidad,AC-MTTO-001-3,Cuando el usuario accede al historial de auditoría del sistema.,Dado que se ha creado exitosamente un plan preventivo recurrente.,MTTO,MTTO-001: Programación de Mantenimiento Preventivo (https://www.notion.so/MTTO-001-Programaci-n-de-Mantenimiento-Preventivo-2c587c56a82880949bb9fec30ac87fcc?pvs=21),"Entonces visualiza el registro completo con autor, fecha y hora, activo afectado, frecuencia y método configurado.",MTTO-001,3
Listado de planes activos,AC-MTTO-001-4,Cuando el Planificador consulta la lista de planes.,Dado que existen planes preventivos activos.,MTTO,MTTO-001: Programación de Mantenimiento Preventivo (https://www.notion.so/MTTO-001-Programaci-n-de-Mantenimiento-Preventivo-2c587c56a82880949bb9fec30ac87fcc?pvs=21),"Entonces el sistema presenta el activo, el ítem mantenible, el método, la frecuencia, la próxima orden de trabajo y el estado.",MTTO-001,4
Cierre Exitoso con Clasificación ISO,AC-MTTO-002-5,"Cuando ingresa las Horas Hombre Reales y selecciona Ítem Mantenible, Modo, Mecanismo y Causa de Falla según la norma, y presiona ""Finalizar"".",Dado que el Técnico ha finalizado una reparación física y está en la pantalla de la Orden de Trabajo en su dispositivo móvil.,MTTO,MTTO-002: Cierre Digital de Orden de Trabajo con Taxonomía ISO 14224 (https://www.notion.so/MTTO-002-Cierre-Digital-de-Orden-de-Trabajo-con-Taxonom-a-ISO-14224-2c587c56a8288098968dcd883ff5537e?pvs=21),"Entonces el estado de la Orden de Trabajo cambia a ""Pendiente de Revisión"", la información se integra al historial del activo y se notifican los KPIs actualizados al personal de confiabilidad.",MTTO-002,5
Adjuntar Evidencia Multimedia,AC-MTTO-002-6,Cuando utiliza la función de captura de evidencia para registrar la reparación finalizada.,Dado que el Técnico está completando el formulario de cierre en su dispositivo móvil.,MTTO,MTTO-002: Cierre Digital de Orden de Trabajo con Taxonomía ISO 14224 (https://www.notion.so/MTTO-002-Cierre-Digital-de-Orden-de-Trabajo-con-Taxonom-a-ISO-14224-2c587c56a8288098968dcd883ff5537e?pvs=21),Entonces la evidencia queda vinculada permanentemente a la Orden de Trabajo y es accesible para su revisión jerárquica.,MTTO-002,6
Validación de Integridad de Datos (Bloqueo ISO 14224),AC-MTTO-002-7,Cuando intenta finalizar la Orden de Trabajo sin completar los campos de taxonomía técnica obligatorios.,Dado que el Técnico está en el formulario de cierre.,MTTO,MTTO-002: Cierre Digital de Orden de Trabajo con Taxonomía ISO 14224 (https://www.notion.so/MTTO-002-Cierre-Digital-de-Orden-de-Trabajo-con-Taxonom-a-ISO-14224-2c587c56a8288098968dcd883ff5537e?pvs=21),Entonces el sistema emite una notificación de incumplimiento normativo y restringe el cambio de estado hasta que los datos estén completos.,MTTO-002,7
Operación sin Conexión,AC-MTTO-002-8,Cuando completa el formulario de cierre y confirma la acción.,Dado que el Técnico está en una zona de la planta sin conectividad de red y ha procesado una Orden de Trabajo.,MTTO,MTTO-002: Cierre Digital de Orden de Trabajo con Taxonomía ISO 14224 (https://www.notion.so/MTTO-002-Cierre-Digital-de-Orden-de-Trabajo-con-Taxonom-a-ISO-14224-2c587c56a8288098968dcd883ff5537e?pvs=21),Entonces el sistema comunica el estado de sincronización pendiente y garantiza la persistencia local de los datos hasta que se restablezca la conexión.,MTTO-002,8
Filtrado Dinámico de Taxonomía,AC-MTTO-002-9,Cuando el Técnico despliega el selector de Modos de Falla.,Dado que el activo intervenido pertenece a una clase específica (ej. Bomba Centrífuga).,MTTO,MTTO-002: Cierre Digital de Orden de Trabajo con Taxonomía ISO 14224 (https://www.notion.so/MTTO-002-Cierre-Digital-de-Orden-de-Trabajo-con-Taxonom-a-ISO-14224-2c587c56a8288098968dcd883ff5537e?pvs=21),"Entonces el sistema presenta únicamente las opciones técnicas aplicables a esa clase de activo, eliminando ruido visual y errores de clasificación.",MTTO-002,9
Carga exitosa de informe digital,AC-MTTO-003-10,Cuando selecciona un archivo de documento válido y confirma la subida.,Dado que el Contratista está autenticado y en la pantalla de la Orden de Trabajo completada.,MTTO,MTTO-003: Carga de Informe por Contratista (https://www.notion.so/MTTO-003-Carga-de-Informe-por-Contratista-2c587c56a82880d1b3e1cb7a94816bf3?pvs=21),"Entonces el sistema solicita seleccionar el ítem mantenible asociado, confirma la vinculación del archivo a la Orden de Trabajo y notifica al Supervisor para su revisión.",MTTO-003,10
Intento de carga con formato incorrecto,AC-MTTO-003-11,Cuando intenta subir un archivo con formato no soportado o potencialmente inseguro.,Dado que el Contratista está autenticado y en la pantalla de la Orden de Trabajo.,MTTO,MTTO-003: Carga de Informe por Contratista (https://www.notion.so/MTTO-003-Carga-de-Informe-por-Contratista-2c587c56a82880d1b3e1cb7a94816bf3?pvs=21),"Entonces el sistema comunica que el formato no es válido, restringe la carga y permite al usuario seleccionar un archivo compatible.",MTTO-003,11
Validación de tamaño de archivo,AC-MTTO-003-12,Cuando intenta subir un documento que excede el límite máximo de tamaño permitido.,Dado que el Contratista está en la pantalla de gestión de adjuntos.,MTTO,MTTO-003: Carga de Informe por Contratista (https://www.notion.so/MTTO-003-Carga-de-Informe-por-Contratista-2c587c56a82880d1b3e1cb7a94816bf3?pvs=21),Entonces el sistema emite una advertencia de capacidad y sugiere optimizar el archivo antes de reintentar el proceso.,MTTO-003,12
Visualización de adjuntos para Supervisor,AC-MTTO-003-13,Cuando el Supervisor accede a la orden para su revisión técnica.,Dado que un informe digital ha sido adjuntado satisfactoriamente a una Orden de Trabajo.,MTTO,MTTO-003: Carga de Informe por Contratista (https://www.notion.so/MTTO-003-Carga-de-Informe-por-Contratista-2c587c56a82880d1b3e1cb7a94816bf3?pvs=21),"Entonces el sistema presenta la lista detallada de adjuntos con metadatos de autoría y fecha, permitiendo la consulta directa y el filtrado por componente afectado.",MTTO-003,13
Extracción de datos exitosa,AC-MTTO-004-14,Cuando el Supervisor abre la orden de trabajo para su revisión.,Dado que un Contratista ha subido un informe digital a una Orden de Trabajo y este se encuentra pendiente de aprobación.,MTTO,MTTO-004: Extracción Automática de Datos de Informes (https://www.notion.so/MTTO-004-Extracci-n-Autom-tica-de-Datos-de-Informes-2c587c56a82880ecbcdcfc7405526d3c?pvs=21),"Entonces el sistema presenta un resumen detallado con los datos clave extraídos del documento (horas, repuestos, descripción) para su validación inmediata.",MTTO-004,14
Extracción con datos faltantes,AC-MTTO-004-15,Cuando el Supervisor inicia la revisión automática.,Dado que el documento cargado no contiene información estructurada sobre la lista de materiales o repuestos.,MTTO,MTTO-004: Extracción Automática de Datos de Informes (https://www.notion.so/MTTO-004-Extracci-n-Autom-tica-de-Datos-de-Informes-2c587c56a82880ecbcdcfc7405526d3c?pvs=21),Entonces el sistema emite un aviso de validación comunicando que la información de materiales no pudo ser recuperada y requiere ingreso manual.,MTTO-004,15
Aprobación con un solo clic,AC-MTTO-004-16,"Cuando el Supervisor confirma la exactitud de la información y presiona ""Aprobar"".",Dado que el sistema ha presentado satisfactoriamente el resumen de la extracción automática de datos.,MTTO,MTTO-004: Extracción Automática de Datos de Informes (https://www.notion.so/MTTO-004-Extracci-n-Autom-tica-de-Datos-de-Informes-2c587c56a82880ecbcdcfc7405526d3c?pvs=21),Entonces la Orden de Trabajo cambia a estado aprobado y el resumen extraído se integra formalmente al registro histórico de cierre.,MTTO-004,16
Visualización de Documento Técnico,AC-MTTO-020-17,Cuando selecciona la sección de documentación y solicita abrir un manual o plano técnico.,Dado que el Técnico ha identificado un activo o componente específico en su terminal móvil.,MTTO,MTTO-020: Consulta de Manuales en Móvil (https://www.notion.so/MTTO-020-Consulta-de-Manuales-en-M-vil-2c687c56a8288094b175d7afd95742cf?pvs=21),"Entonces el documento se presenta en el visor integrado del sistema, manteniendo el contexto del componente seleccionado sin abandonar la aplicación.",MTTO-020,17
Descarga voluntaria para uso Offline,AC-MTTO-020-18,Cuando activa explícitamente la opción de disponibilidad sin conexión para un documento específico.,Dado que el Técnico dispone de conectividad de red y visualiza la lista de planos disponibles.,MTTO,MTTO-020: Consulta de Manuales en Móvil (https://www.notion.so/MTTO-020-Consulta-de-Manuales-en-M-vil-2c687c56a8288094b175d7afd95742cf?pvs=21),Entonces el sistema garantiza el acceso local al archivo y comunica visualmente que el documento podrá ser consultado incluso sin cobertura de red.,MTTO-020,18
Cálculo automático de RIME,AC-MTTO-026-19,Cuando el motor de priorización detecta un activo crítico y un tipo de intervención de alta urgencia.,Dado que el Planificador está revisando una nueva Solicitud de Trabajo en el sistema.,MTTO,MTTO-026: Gestión de Backlog mediante Priorización Objetiva (RIME) (https://www.notion.so/MTTO-026-Gesti-n-de-Backlog-mediante-Priorizaci-n-Objetiva-RIME-30a87c56a82880dbb648cc7c974e2198?pvs=21),Entonces el sistema calcula y presenta el puntaje de prioridad máxima en la cabecera de la solicitud.,MTTO-026,19
Ordenamiento del Backlog,AC-MTTO-026-20,Cuando el sistema carga el listado de órdenes de trabajo.,Dado que el personal de programación consulta el tablero de tareas pendientes.,MTTO,MTTO-026: Gestión de Backlog mediante Priorización Objetiva (RIME) (https://www.notion.so/MTTO-026-Gesti-n-de-Backlog-mediante-Priorizaci-n-Objetiva-RIME-30a87c56a82880dbb648cc7c974e2198?pvs=21),Entonces las intervenciones con mayor puntaje de prioridad aparecen automáticamente en la sección superior del tablero.,MTTO-026,20
Pregunta respondida con referencia a fuente,AC-MTTO-028-21,Cuando pregunta por una especificación técnica específica contenida en los manuales del equipo.,Dado que el Técnico se encuentra en una intervención técnica y abre la interfaz del asistente de inteligencia.,MTTO,MTTO-028: Asistente de Consulta de Documentación con IA (RAG) (https://www.notion.so/MTTO-028-Asistente-de-Consulta-de-Documentaci-n-con-IA-RAG-30b87c56a82880868994f88b54e68897?pvs=21),"Entonces el motor responde con la información técnica recuperada y proporciona la referencia exacta (documento, página y sección) para su validación manual.",MTTO-028,21
Pregunta fuera de contexto,AC-MTTO-028-22,Cuando realiza una consulta de carácter general o fuera de dominio.,Dado que el Técnico solicita información no relacionada con la base de conocimiento técnica disponible.,MTTO,MTTO-028: Asistente de Consulta de Documentación con IA (RAG) (https://www.notion.so/MTTO-028-Asistente-de-Consulta-de-Documentaci-n-con-IA-RAG-30b87c56a82880868994f88b54e68897?pvs=21),Entonces el asistente comunica que no dispone de información confiable en los manuales actuales y sugiere consultar al supervisor o revisar la documentación física.,MTTO-028,22
Consulta offline con contingencia,AC-MTTO-028-23,Cuando intenta utilizar el asistente de inteligencia.,Dado que el personal operativo se encuentra en una zona sin conectividad de red.,MTTO,MTTO-028: Asistente de Consulta de Documentación con IA (RAG) (https://www.notion.so/MTTO-028-Asistente-de-Consulta-de-Documentaci-n-con-IA-RAG-30b87c56a82880868994f88b54e68897?pvs=21),Entonces el sistema informa que el asistente no está disponible sin conexión y presenta la interfaz de búsqueda local para consultar los manuales descargados.,MTTO-028,23
Auditoría de consulta,AC-MTTO-028-24,Cuando el supervisor revisa el historial de la orden de trabajo.,Dado que se ha realizado una consulta al asistente de inteligencia durante una intervención.,MTTO,MTTO-028: Asistente de Consulta de Documentación con IA (RAG) (https://www.notion.so/MTTO-028-Asistente-de-Consulta-de-Documentaci-n-con-IA-RAG-30b87c56a82880868994f88b54e68897?pvs=21),"Entonces visualiza el registro de la consulta incluyendo la marca de tiempo, la pregunta técnica y las fuentes documentales referenciadas por el motor.",MTTO-028,24
Registro de Boundaries en Ficha de Equipo,AC-MTTO-029-25,Cuando registra los puntos de delimitación física y selecciona los componentes de nivel 8 que pertenecen al activo.,Dado que el Ingeniero de Confiabilidad se encuentra configurando los parámetros técnicos de un activo de nivel 6.,MTTO,MTTO-029: Definición de Límites Físicos de Activos (https://www.notion.so/MTTO-029-Definici-n-de-L-mites-F-sicos-de-Activos-30b87c56a8288013b9f5ec60d75d219a?pvs=21),Entonces el sistema confirma el registro satisfactorio de los límites y los componentes seleccionados se integran oficialmente a la ficha técnica del equipo.,MTTO-029,25
Validación de Unicidad de Componentes,AC-MTTO-029-26,Cuando el personal técnico intenta vincular ese mismo componente a un activo diferente en la jerarquía.,Dado que un componente técnico ya se encuentra asignado a los límites de un activo operativo.,MTTO,MTTO-029: Definición de Límites Físicos de Activos (https://www.notion.so/MTTO-029-Definici-n-de-L-mites-F-sicos-de-Activos-30b87c56a8288013b9f5ec60d75d219a?pvs=21),Entonces el sistema emite una notificación de conflicto jerárquico y bloquea la operación para prevenir inconsistencias en la base de datos de activos.,MTTO-029,26
Visualización de Límites,AC-MTTO-029-27,Cuando accede a la sección de límites y componentes incluidos.,Dado que un usuario consulta la ficha técnica de un equipo en la aplicación operativa.,MTTO,MTTO-029: Definición de Límites Físicos de Activos (https://www.notion.so/MTTO-029-Definici-n-de-L-mites-F-sicos-de-Activos-30b87c56a8288013b9f5ec60d75d219a?pvs=21),Entonces visualiza la descripción técnica de los límites físicos y la relación completa de componentes que conforman la unidad operativa.,MTTO-029,27
Alerta de Garantía Vigente,AC-MTTO-030-28,Cuando el personal técnico intenta iniciar el registro de una intervención correctiva para dicho activo.,Dado que un activo operativo cuenta con una cobertura de garantía válida según los registros del sistema.,MTTO,MTTO-030: Gestión de Garantías de Activos (https://www.notion.so/MTTO-030-Gesti-n-de-Garant-as-de-Activos-30b87c56a8288092a1d4e315ad3fb402?pvs=21),"Entonces el sistema interrumpe el flujo operativo con una notificación de advertencia, informando sobre la vigencia de la garantía y sugiriendo el inicio de un reclamo.",MTTO-030,28
Conversión a Reclamo,AC-MTTO-030-29,Cuando el usuario responsable opta por formalizar un reclamo técnico con el proveedor.,Dado que se ha emitido una notificación por garantía vigente durante la gestión de una orden.,MTTO,MTTO-030: Gestión de Garantías de Activos (https://www.notion.so/MTTO-030-Gesti-n-de-Garant-as-de-Activos-30b87c56a8288092a1d4e315ad3fb402?pvs=21),"Entonces el sistema adapta la interfaz operativa, ocultando los campos de costos internos y presentando la información de contacto y términos de cobertura del fabricante.",MTTO-030,29
Bypass Justificado,AC-MTTO-030-30,Cuando el usuario responsable decide proceder con el mantenimiento interno a pesar de la cobertura activa.,Dado que se ha emitido una notificación por garantía vigente.,MTTO,MTTO-030: Gestión de Garantías de Activos (https://www.notion.so/MTTO-030-Gesti-n-de-Garant-as-de-Activos-30b87c56a8288092a1d4e315ad3fb402?pvs=21),Entonces el sistema exige el ingreso de una justificación técnica obligatoria antes de permitir la formalización de la orden de trabajo.,MTTO-030,30
Creación Exitosa con Campos Mínimos,AC-INV-005-31,"Cuando completa los campos técnicos obligatorios (identificación, clase, fabricante y fechas operativas) y solicita el guardado.",Dado que el Ingeniero de Proyectos se encuentra en la interfaz de registro de nuevos activos.,INV,INV-005: Creación de Ficha Técnica de Activo (Equipment Unit) (https://www.notion.so/INV-005-Creaci-n-de-Ficha-T-cnica-de-Activo-Equipment-Unit-2c587c56a828809c9d15c59cb13bf045?pvs=21),"Entonces el sistema formaliza el registro del activo, comunica el éxito de la operación y presenta la ficha técnica del equipo recién creado.",INV-005,31
Prevención de Tag Duplicado,AC-INV-005-32,Cuando el personal técnico intenta registrar un nuevo equipo utilizando el mismo identificador.,Dado que el identificador industrial (Tag) ya se encuentra asignado a un activo existente en el sistema.,INV,INV-005: Creación de Ficha Técnica de Activo (Equipment Unit) (https://www.notion.so/INV-005-Creaci-n-de-Ficha-T-cnica-de-Activo-Equipment-Unit-2c587c56a828809c9d15c59cb13bf045?pvs=21),Entonces el sistema emite una notificación de advertencia indicando que el identificador ya está en uso y sugiere la revisión del registro existente.,INV-005,32
Validación de campos obligatorios,AC-INV-005-33,Cuando el usuario intenta finalizar el registro omitiendo la clasificación técnica obligatoria (ej. Clase de Equipo).,Dado que se está procediendo con la creación de un nuevo activo operativo.,INV,INV-005: Creación de Ficha Técnica de Activo (Equipment Unit) (https://www.notion.so/INV-005-Creaci-n-de-Ficha-T-cnica-de-Activo-Equipment-Unit-2c587c56a828809c9d15c59cb13bf045?pvs=21),"Entonces el sistema restringe el guardado, resalta los campos faltantes y notifica sobre el incumplimiento de los requerimientos de información de la norma ISO 14224.",INV-005,33
Validación de Coherencia de Fechas,AC-INV-005-34,Cuando se registra una fecha de inicio de operación anterior a la fecha de adquisición o compra del equipo.,Dado que el personal técnico ingresa la cronología operativa del activo.,INV,INV-005: Creación de Ficha Técnica de Activo (Equipment Unit) (https://www.notion.so/INV-005-Creaci-n-de-Ficha-T-cnica-de-Activo-Equipment-Unit-2c587c56a828809c9d15c59cb13bf045?pvs=21),Entonces el sistema detecta la inconsistencia temporal y comunica una advertencia de integridad para asegurar la veracidad de los datos históricos.,INV-005,34
Recepción de Material (Entrada),AC-INV-006-35,"Cuando el personal responsable formaliza el ingreso especificando el repuesto, la cantidad recibida y la ubicación técnica en el almacén.",Dado que se ha recibido un pedido de repuestos críticos en las instalaciones de almacenamiento.,INV,INV-006: Gestión de Movimientos de Inventario (https://www.notion.so/INV-006-Gesti-n-de-Movimientos-de-Inventario-2c587c56a82880ef9af8f239049c4b3c?pvs=21),"Entonces el sistema incrementa los niveles de inventario físico, registra la transacción cronológica y comunica la confirmación del ingreso satisfactorio.",INV-006,35
Salida de Material a Orden de Trabajo (Issue),AC-INV-006-36,Cuando el personal operativo solicita el retiro de los materiales vinculados a la intervención técnica.,Dado que existe una orden de trabajo planificada que requiere materiales reservados previamente.,INV,INV-006: Gestión de Movimientos de Inventario (https://www.notion.so/INV-006-Gesti-n-de-Movimientos-de-Inventario-2c587c56a82880ef9af8f239049c4b3c?pvs=21),"Entonces el sistema valida la disponibilidad real, deduce las cantidades del inventario, libera las reservas correspondientes y asigna el costo de los materiales a la orden de trabajo.",INV-006,36
Validación de Stock Insuficiente,AC-INV-006-37,Cuando el personal técnico intenta realizar el retiro del material en el sistema.,Dado que el saldo disponible de un repuesto es inferior a la cantidad solicitada para una intervención.,INV,INV-006: Gestión de Movimientos de Inventario (https://www.notion.so/INV-006-Gesti-n-de-Movimientos-de-Inventario-2c587c56a82880ef9af8f239049c4b3c?pvs=21),"Entonces el sistema restringe la transacción, notifica el faltante técnico y comunica la necesidad de iniciar un proceso de reabastecimiento.",INV-006,37
Devolución de Material No Usado (Return to Stock),AC-INV-006-38,Cuando registra la devolución técnica indicando la orden de trabajo de origen y el motivo de la misma.,Dado que un equipo técnico ha finalizado una intervención y dispone de materiales retirados del almacén que no fueron instalados.,INV,INV-006: Gestión de Movimientos de Inventario (https://www.notion.so/INV-006-Gesti-n-de-Movimientos-de-Inventario-2c587c56a82880ef9af8f239049c4b3c?pvs=21),"Entonces el sistema reincorpora el material al inventario, genera los créditos financieros correspondientes a la orden de trabajo y documenta el movimiento en el historial.",INV-006,38
Alerta de Sobrestock por Devolución,AC-INV-006-39,Cuando se formaliza el registro de la devolución técnica en el sistema.,Dado que el ingreso de material por devolución superaría los límites de capacidad máxima definidos para un ítem.,INV,INV-006: Gestión de Movimientos de Inventario (https://www.notion.so/INV-006-Gesti-n-de-Movimientos-de-Inventario-2c587c56a82880ef9af8f239049c4b3c?pvs=21),Entonces el sistema acepta la transacción pero emite una alerta de excedente de capacidad para la revisión de los procesos de compra pendientes.,INV-006,39
Validación y Activación de Activo,AC-INV-007-40,"Cuando el personal de ingeniería completa los parámetros técnicos obligatorios (identificación, manuales y modelos asociados) y autoriza el cambio de estado a operativo.",Dado que existe un registro preliminar de un equipo técnico pendiente de revisión.,INV,INV-007: Validación y Alta de Activos Nuevos (https://www.notion.so/INV-007-Validaci-n-y-Alta-de-Activos-Nuevos-2c587c56a828803886b0efd1148ce6b4?pvs=21),"Entonces el activo se formaliza en el sistema, se habilita su visualización técnica y queda disponible para la asignación de planes de mantenimiento preventivo.",INV-007,40
Rechazo de Activo Incompleto,AC-INV-007-41,Cuando el evaluador selecciona la opción de rechazo y documenta el motivo técnico de la devolución.,Dado que durante la revisión técnica de un nuevo activo se detectan inconsistencias documentales o falta de datos críticos de ingeniería.,INV,INV-007: Validación y Alta de Activos Nuevos (https://www.notion.so/INV-007-Validaci-n-y-Alta-de-Activos-Nuevos-2c587c56a828803886b0efd1148ce6b4?pvs=21),"Entonces el registro se marca para revisión administrativa, se genera un comentario detallando el hallazgo y se notifica automáticamente al personal responsable del ingreso inicial para su corrección.",INV-007,41
Alerta Inmediata para Item Clase A (Crítico),AC-INV-021-42,Cuando el sistema identifica la condición de bajo stock tras una actualización de saldos o validación periódica.,Dado que un repuesto de alta criticidad (Clase A) presenta un saldo disponible por debajo de su nivel mínimo de seguridad.,INV,INV-021: Monitor de Reabastecimiento (Stock Alerts) (https://www.notion.so/INV-021-Monitor-de-Reabastecimiento-Stock-Alerts-2c687c56a828802bbe9fd7359783631f?pvs=21),"Entonces el sistema genera una alerta de prioridad máxima, centraliza la notificación en el panel operativo y presenta el requerimiento de forma destacada.",INV-021,42
Alerta Normal para Item Clase B,AC-INV-021-43,Cuando el sistema identifica la necesidad de reabastecimiento tras una transacción de almacén.,Dado que un repuesto de criticidad media (Clase B) alcanza su umbral de reposición definido.,INV,INV-021: Monitor de Reabastecimiento (Stock Alerts) (https://www.notion.so/INV-021-Monitor-de-Reabastecimiento-Stock-Alerts-2c687c56a828802bbe9fd7359783631f?pvs=21),Entonces el sistema emite una notificación de prioridad media y programa el requerimiento para su revisión en el próximo ciclo de planificación.,INV-021,43
Lista de Compra Semanal para Item Clase C,AC-INV-021-44,Cuando el sistema identifica la condición de bajo stock para estos ítems.,Dado que existen repuestos de baja criticidad (Clase C) con niveles de stock por debajo del mínimo operativo.,INV,INV-021: Monitor de Reabastecimiento (Stock Alerts) (https://www.notion.so/INV-021-Monitor-de-Reabastecimiento-Stock-Alerts-2c687c56a828802bbe9fd7359783631f?pvs=21),"Entonces el sistema consolida los requerimientos en una agenda de adquisiciones semanales, evitando la saturación de alertas individuales por materiales no críticos.",INV-021,44
Pre-llenado de Orden de Compra,AC-INV-021-45,Cuando el personal responsable solicita la creación de un requerimiento de compra desde la alerta.,Dado que existe una alerta activa para un repuesto y se requiere iniciar el proceso de adquisición.,INV,INV-021: Monitor de Reabastecimiento (Stock Alerts) (https://www.notion.so/INV-021-Monitor-de-Reabastecimiento-Stock-Alerts-2c687c56a828802bbe9fd7359783631f?pvs=21),"Entonces el sistema prepara automáticamente la información del requerimiento, calculando la cantidad sugerida de reposición y referenciando los proveedores históricos asociados.",INV-021,45
Resolución de Alerta,AC-INV-021-46,Cuando el sistema formaliza el ingreso de los nuevos materiales mediante un registro de recepción.,Dado que el nivel de inventario de un repuesto se ha restablecido por encima de sus límites de seguridad.,INV,INV-021: Monitor de Reabastecimiento (Stock Alerts) (https://www.notion.so/INV-021-Monitor-de-Reabastecimiento-Stock-Alerts-2c687c56a828802bbe9fd7359783631f?pvs=21),"Entonces el sistema cierra automáticamente la alerta activa, documenta la resolución en el historial y comunica la normalización del estado del inventario.",INV-021,46
Crear Ubicación Raíz (Planta),AC-INV-027-47,Cuando se procede con el registro de una ubicación de nivel superior (ej. Instalación o Planta).,Dado que el personal técnico se encuentra en la interfaz de gestión de taxonomía industrial.,INV,INV-027: Creación de Ubicaciones Funcionales (Functional Locations) (https://www.notion.so/INV-027-Creaci-n-de-Ubicaciones-Funcionales-Functional-Locations-30a87c56a82880e3a799fb6f65d7aae2?pvs=21),Entonces el sistema crea el nodo raíz de la jerarquía técnica y habilita la incorporación de niveles operativos dependientes.,INV-027,47
Crear Ubicación Hija (Sección/Sistema),AC-INV-027-48,Cuando se registra una nueva posición técnica vinculada a un nodo existente.,Dado que ya se ha definido una ubicación de nivel superior en la estructura organizacional.,INV,INV-027: Creación de Ubicaciones Funcionales (Functional Locations) (https://www.notion.so/INV-027-Creaci-n-de-Ubicaciones-Funcionales-Functional-Locations-30a87c56a82880e3a799fb6f65d7aae2?pvs=21),Entonces el sistema formaliza la relación jerárquica y presenta la nueva ubicación anidada correctamente en el árbol de activos.,INV-027,48
Validación de Tag Único,AC-INV-027-49,Cuando se intenta registrar una nueva ubicación utilizando el mismo identificador.,Dado que un identificador técnico (Tag) ya se encuentra asignado a una ubicación funcional en el sistema.,INV,INV-027: Creación de Ubicaciones Funcionales (Functional Locations) (https://www.notion.so/INV-027-Creaci-n-de-Ubicaciones-Funcionales-Functional-Locations-30a87c56a82880e3a799fb6f65d7aae2?pvs=21),Entonces el sistema restringe la creación y comunica una advertencia de conflicto de identidad para asegurar la unicidad de la taxonomía.,INV-027,49
Prevención de Ciclos,AC-INV-027-50,Cuando el usuario intenta realizar un movimiento estructural que generaría una recursividad infinita (ej. hacer al padre hijo de su propio descendiente).,Dado que existe una relación jerárquica establecida entre dos o más niveles técnicos.,INV,INV-027: Creación de Ubicaciones Funcionales (Functional Locations) (https://www.notion.so/INV-027-Creaci-n-de-Ubicaciones-Funcionales-Functional-Locations-30a87c56a82880e3a799fb6f65d7aae2?pvs=21),Entonces el sistema bloquea la acción para preservar la integridad lógica de la jerarquía y notifica la inconsistencia detectada.,INV-027,50
Creación Exitosa de Repuesto Stock,AC-INV-031-51,"Cuando registra los datos técnicos del repuesto (identificación, descripción, fabricante y clasificación) y formaliza la operación.",Dado que el Jefe de Almacén se encuentra en la interfaz de gestión de catálogo de materiales.,INV,INV-031: Gestión de Catálogo de Repuestos (Part Master) (https://www.notion.so/INV-031-Gesti-n-de-Cat-logo-de-Repuestos-Part-Master-30c87c56a828806281dbcd3c07b7ec73?pvs=21),"Entonces el sistema integra el nuevo repuesto al catálogo maestro, comunica el éxito del registro y presenta la ficha técnica consolidada de la parte.",INV-031,51
Validación de Duplicados (Gatekeeper),AC-INV-031-52,Cuando el personal administrativo intenta incorporar un repuesto similar.,Dado que ya existe un registro de material con características técnicas coincidentes en el sistema.,INV,INV-031: Gestión de Catálogo de Repuestos (Part Master) (https://www.notion.so/INV-031-Gesti-n-de-Cat-logo-de-Repuestos-Part-Master-30c87c56a828806281dbcd3c07b7ec73?pvs=21),Entonces el sistema identifica la posible redundancia y emite una notificación de advertencia sugiriendo la reutilización del registro existente para prevenir la duplicidad en el catálogo.,INV-031,52
Distinción Stock vs. Direct Purchase,AC-INV-031-53,Cuando se formaliza el registro del repuesto en el sistema.,Dado que el personal responsable clasifica un material para adquisición directa (sin almacenamiento).,INV,INV-031: Gestión de Catálogo de Repuestos (Part Master) (https://www.notion.so/INV-031-Gesti-n-de-Cat-logo-de-Repuestos-Part-Master-30c87c56a828806281dbcd3c07b7ec73?pvs=21),"Entonces el sistema adapta la interfaz técnica, ocultando los parámetros de almacenamiento y comunicando la naturaleza operativa de compra directa del material.",INV-031,53
Selección de Commodity Code Jerárquico,AC-INV-031-54,Cuando el usuario despliega el selector de categorías de materiales.,Dado que se está procediendo con la clasificación taxonómica de un repuesto según su familia técnica.,INV,INV-031: Gestión de Catálogo de Repuestos (Part Master) (https://www.notion.so/INV-031-Gesti-n-de-Cat-logo-de-Repuestos-Part-Master-30c87c56a828806281dbcd3c07b7ec73?pvs=21),"Entonces el sistema presenta únicamente las sub-categorías técnicamente válidas según el nivel superior seleccionado, garantizando una clasificación precisa y estandarizada.",INV-031,54
Activación de Capa de Seguridad (Redundancia Visual),AC-VIS-008-55,"Cuando activa la capa ""Permisos de Trabajo"".",Dado que el Inspector está visualizando el mapa general de planta (Nivel 1).,VIS,VIS-008: Visualización de Capa de Permisos de Trabajo (https://www.notion.so/VIS-008-Visualizaci-n-de-Capa-de-Permisos-de-Trabajo-2c587c56a82880858dd2eebd60f2b269?pvs=21),"Entonces el sistema superpone iconos sobre los activos afectados, utilizando codificación redundante (Color + Forma): Trabajo en Caliente: Cuadrado Rojo. Trabajo en Alturas: Triángulo Azul. Espacio Confinado: Círculo Amarillo.",VIS-008,55
Consulta Contextual (Desglose de Información),AC-VIS-008-56,Cuando el Inspector hace clic sobre el icono.,"Dado que se muestra un icono de ""Trabajo en Caliente"" sobre la bomba P-202.",VIS,VIS-008: Visualización de Capa de Permisos de Trabajo (https://www.notion.so/VIS-008-Visualizaci-n-de-Capa-de-Permisos-de-Trabajo-2c587c56a82880858dd2eebd60f2b269?pvs=21),"Entonces se despliega una tarjeta compacta (sin tapar el contexto) con: Contratista, Hora Inicio/Fin, y Responsable HSEQ.",VIS-008,56
Validación de Integridad (Detección de Huérfanos),AC-VIS-008-57,"Cuando el sistema intenta renderizar el icono en el Gemelo Digital 2D/3D y detecta que el objeto ""V-101"" no existe en la geometría o plano actual (Enlace Roto).","Dado que existe un Permiso de Trabajo activo asociado al Tag ""V-101"".",VIS,VIS-008: Visualización de Capa de Permisos de Trabajo (https://www.notion.so/VIS-008-Visualizaci-n-de-Capa-de-Permisos-de-Trabajo-2c587c56a82880858dd2eebd60f2b269?pvs=21),"Entonces el sistema genera una alerta de ""Integridad de Seguridad Comprometida"" en el panel de notificaciones y muestra el permiso en una lista de ""Fallos de Visualización"" lateral, para que no pase desapercibido.",VIS-008,57
Zoom Semántico (Desglose),AC-VIS-009-58,"Cuando hace zoom sobre el área de ""Calderas"".",Dado que el Supervisor está viendo el Mapa General (Nivel 1).,VIS,VIS-009: Navegación Jerárquica y Zoom Semántico (https://www.notion.so/VIS-009-Navegaci-n-Jer-rquica-y-Zoom-Sem-ntico-2c587c56a82880e9b393df52ca93c1d5?pvs=21),Entonces el sistema transiciona fluidamente desde el plano general de áreas hacia la visualización de iconos de activos individuales y finalmente al detalle técnico del activo (Nivel 3).,VIS-009,58
Límites de Navegación,AC-VIS-009-59,Cuando intenta realizar un zoom adicional.,Dado que el Supervisor ha alcanzado el nivel máximo de detalle permitido.,VIS,VIS-009: Navegación Jerárquica y Zoom Semántico (https://www.notion.so/VIS-009-Navegaci-n-Jer-rquica-y-Zoom-Sem-ntico-2c587c56a82880e9b393df52ca93c1d5?pvs=21),Entonces la vista se bloquea suavemente mediante una animación de amortiguación para evitar la pérdida de contexto visual.,VIS-009,59
Retorno al Contexto (Zoom Out),AC-VIS-009-60,"Cuando selecciona ""Vista General"" o realiza zoom out rápido.",Dado que el Supervisor está inspeccionando un activo específico en máximo detalle.,VIS,VIS-009: Navegación Jerárquica y Zoom Semántico (https://www.notion.so/VIS-009-Navegaci-n-Jer-rquica-y-Zoom-Sem-ntico-2c587c56a82880e9b393df52ca93c1d5?pvs=21),"Entonces la cámara se aleja hasta mostrar toda la unidad de proceso, restaurando la visión periférica de alarmas y estados de activos vecinos.",VIS-009,60
Activación de Despiece,AC-VIS-010-61,"Cuando selecciona la opción ""Ver Despiece"".",Dado que el Técnico ha seleccionado una bomba en el visor y el modelo de despiece está disponible.,VIS,VIS-010: Visualización de Despiece (Vista Explosionada) (https://www.notion.so/VIS-010-Visualizaci-n-de-Despiece-Vista-Explosionada-2c587c56a8288012879de8212fc850a9?pvs=21),"Entonces las partes del modelo se separan visualmente con una animación fluida, permitiendo ver los componentes internos como el eje y los rodamientos.",VIS-010,61
Selección de Componente Interno,AC-VIS-010-62,Cuando el Técnico selecciona un rodamiento específico.,"Dado que el activo está en modo ""Vista Explosionada"".",VIS,VIS-010: Visualización de Despiece (Vista Explosionada) (https://www.notion.so/VIS-010-Visualizaci-n-de-Despiece-Vista-Explosionada-2c587c56a8288012879de8212fc850a9?pvs=21),"Entonces el sistema resalta el componente y muestra una tarjeta con su nombre, código de parte y disponibilidad en inventario en el momento de la consulta.",VIS-010,62
Visualización de Puntos de Corte,AC-VIS-011-63,"Cuando activa la función ""Ver Ruta LOTO"".",Dado que el Técnico tiene seleccionada una Orden de Trabajo en su dispositivo.,VIS,VIS-011: Visualización de Rutas de Aislamiento (LOTO) y Bloqueo Activo (https://www.notion.so/VIS-011-Visualizaci-n-de-Rutas-de-Aislamiento-LOTO-y-Bloqueo-Activo-2c587c56a8288006a4dff06d585ce8aa?pvs=21),Entonces el Gemelo Digital resalta la ruta de energía y los puntos de bloqueo sobre la vista 2D/3D correspondiente.,VIS-011,63
Validación de Conexión,AC-VIS-011-64,Cuando el Técnico selecciona el punto de corte sugerido (ej. Breaker).,Dado que se muestran las líneas de conexión LOTO.,VIS,VIS-011: Visualización de Rutas de Aislamiento (LOTO) y Bloqueo Activo (https://www.notion.so/VIS-011-Visualizaci-n-de-Rutas-de-Aislamiento-LOTO-y-Bloqueo-Activo-2c587c56a8288006a4dff06d585ce8aa?pvs=21),Entonces el sistema muestra la etiqueta del tablero (Tag) que coincide con la realidad física.,VIS-011,64
Bloqueo de Inicio por Energía Detectada,AC-VIS-011-65,"Cuando el técnico intenta presionar ""Iniciar Trabajo"".",Dado que el simulador IoT reporta niveles de energía activa sobre el umbral de seguridad.,VIS,VIS-011: Visualización de Rutas de Aislamiento (LOTO) y Bloqueo Activo (https://www.notion.so/VIS-011-Visualizaci-n-de-Rutas-de-Aislamiento-LOTO-y-Bloqueo-Activo-2c587c56a8288006a4dff06d585ce8aa?pvs=21),Entonces el sistema bloquea la acción en la interfaz y muestra una alerta de peligro clara.,VIS-011,65
Validación de Energía Cero,AC-VIS-011-66,Cuando el técnico confirma el bloqueo físico en el checklist.,Dado que el simulador IoT confirma que no hay energía activa en los puntos de aislamiento.,VIS,VIS-011: Visualización de Rutas de Aislamiento (LOTO) y Bloqueo Activo (https://www.notion.so/VIS-011-Visualizaci-n-de-Rutas-de-Aislamiento-LOTO-y-Bloqueo-Activo-2c587c56a8288006a4dff06d585ce8aa?pvs=21),"Entonces el sistema permite cambiar el estado de la WO a ""En Ejecución"".",VIS-011,66
Bloqueo por Pérdida de Telemetría (Fail-Safe),AC-VIS-011-67,Cuando el técnico intenta iniciar el trabajo o confirmar el aislamiento.,Dado que el sistema no puede establecer comunicación con la fuente de telemetría IoT de la zona.,VIS,VIS-011: Visualización de Rutas de Aislamiento (LOTO) y Bloqueo Activo (https://www.notion.so/VIS-011-Visualizaci-n-de-Rutas-de-Aislamiento-LOTO-y-Bloqueo-Activo-2c587c56a8288006a4dff06d585ce8aa?pvs=21),"Entonces el sistema bloquea preventivamente la operación, informando que no se puede garantizar la Energía Cero por falta de datos en tiempo real.",VIS-011,67
Crear un sub-componente,AC-VIS-012-68,"Cuando hace clic en ""Añadir Componente"", le da el nombre ""Motor Eléctrico"" y el código ""ME-01"".","Dado que el Ingeniero está en la página de un activo ""Bomba P-101"" que no tiene componentes definidos.",VIS,VIS-012: Configuración de Jerarquía de Componentes 3D (https://www.notion.so/VIS-012-Configuraci-n-de-Jerarqu-a-de-Componentes-3D-2c587c56a82880649e7dc624bf27aaf0?pvs=21),"Entonces ""Motor Eléctrico"" debe aparecer como un sub-ítem anidado debajo de la ""Bomba P-101"" en el árbol de activos.",VIS-012,68
Asociar un modelo 3D a un componente,AC-VIS-012-69,"Cuando utiliza la opción ""Subir Modelo 3D"" y adjunta un archivo motor.step.","Dado que el Ingeniero está editando las propiedades del componente ""Motor Eléctrico"".",VIS,VIS-012: Configuración de Jerarquía de Componentes 3D (https://www.notion.so/VIS-012-Configuraci-n-de-Jerarqu-a-de-Componentes-3D-2c587c56a82880649e7dc624bf27aaf0?pvs=21),Entonces el sistema debe asociar ese archivo 3D al componente y mostrar una vista previa en miniatura.,VIS-012,69
Navegación jerárquica,AC-VIS-012-70,"Cuando hace clic en la vista explosionada y selecciona el ""Motor Eléctrico"".","Dado que el Técnico está viendo el activo ""Bomba P-101"" en la app móvil.",VIS,VIS-012: Configuración de Jerarquía de Componentes 3D (https://www.notion.so/VIS-012-Configuraci-n-de-Jerarqu-a-de-Componentes-3D-2c587c56a82880649e7dc624bf27aaf0?pvs=21),"Entonces la app debe mostrar la información y el modelo 3D específico del ""Motor Eléctrico"", no el de la bomba completa.",VIS-012,70
Intento de crear un componente duplicado,AC-VIS-012-71,"Cuando el Ingeniero intenta crear otro componente con el mismo código ""ME-01"".","Dado que el activo ""Bomba P-101"" ya tiene un componente con el código ""ME-01"".",VIS,VIS-012: Configuración de Jerarquía de Componentes 3D (https://www.notion.so/VIS-012-Configuraci-n-de-Jerarqu-a-de-Componentes-3D-2c587c56a82880649e7dc624bf27aaf0?pvs=21),"Entonces el sistema debe mostrar un mensaje de error ""El código de componente ya existe en este activo"" y no debe crear el duplicado.",VIS-012,71
Mover componente en el árbol (Re-parenting),AC-VIS-012-72,"Cuando el Ingeniero arrastra el componente hacia el ""Motor B"" en el árbol de jerarquía.","Dado que el componente ""Rodamiento R-01"" fue creado por error dentro del ""Motor A"".",VIS,VIS-012: Configuración de Jerarquía de Componentes 3D (https://www.notion.so/VIS-012-Configuraci-n-de-Jerarqu-a-de-Componentes-3D-2c587c56a82880649e7dc624bf27aaf0?pvs=21),"Entonces el sistema debe actualizar la relación padre-hijo, moviendo el rodamiento y todo su historial al nuevo padre.",VIS-012,72
Definición de un Rol Personalizado,AC-ADM-013-73,"Cuando crea el rol ""Auditor ISO"" y le asigna permisos de Solo Lectura en todas las áreas funcionales del sistema (Mantenimiento, Inventario, Visualización de Activos) pero ningún permiso de edición o borrado.","Dado que el Administrador necesita crear un perfil para ""Auditores Externos"".",ADM,ADM-013: Gestión de Roles y Matriz de Permisos (RBAC Industrial) (https://www.notion.so/ADM-013-Gesti-n-de-Roles-y-Matriz-de-Permisos-RBAC-Industrial-2c587c56a8288030a183d5a07a1d6b44?pvs=21),"Entonces el sistema guarda el rol y permite asignarlo a usuarios, garantizando que estos puedan consultar toda la información pero no realizar modificaciones operativas.",ADM-013,73
Granularidad de Acciones (Verbos),AC-ADM-013-74,"Cuando el Administrador despliega los permisos del módulo ""Órdenes de Trabajo"".","Dado que se está configurando el rol de ""Planificador"".",ADM,ADM-013: Gestión de Roles y Matriz de Permisos (RBAC Industrial) (https://www.notion.so/ADM-013-Gesti-n-de-Roles-y-Matriz-de-Permisos-RBAC-Industrial-2c587c56a8288030a183d5a07a1d6b44?pvs=21),"Entonces debe ver opciones separadas para: ""Crear"", ""Editar"", ""Eliminar"", ""Aprobar Planeación"" y ""Cerrar Técnicamente"".",ADM-013,74
Protección de Roles del Sistema,AC-ADM-013-75,Cuando el Administrador intenta eliminarlo o quitarle todos los permisos.,"Dado que existe el rol ""Super Admin"" (Root).",ADM,ADM-013: Gestión de Roles y Matriz de Permisos (RBAC Industrial) (https://www.notion.so/ADM-013-Gesti-n-de-Roles-y-Matriz-de-Permisos-RBAC-Industrial-2c587c56a8288030a183d5a07a1d6b44?pvs=21),"Entonces el sistema bloquea la acción con un mensaje de error crítico: ""No se puede modificar la integridad del rol raíz"".",ADM-013,75
Desactivación Segura (Soft-Delete),AC-ADM-014-76,"Cuando el Administrador hace clic en ""Desactivar Usuario"".","Dado que el usuario ""Juan Pérez"" ha dejado la empresa pero tiene 50 Órdenes de Trabajo cerradas en su historial.",ADM,ADM-014: Gestión de Usuarios y Ciclo de Vida Seguro (https://www.notion.so/ADM-014-Gesti-n-de-Usuarios-y-Ciclo-de-Vida-Seguro-2c587c56a8288040bb4ef345e87e96d0?pvs=21),"Entonces el sistema cambia su estado a INACTIVO, revoca su token de sesión actual, pero mantiene su nombre visible en todos los registros históricos (Auditoría Trail).",ADM-014,76
Bloqueo por Intentos Fallidos (Brute Force Protection),AC-ADM-014-77,Cuando falla el cuarto intento.,Dado que un usuario intenta iniciar sesión con una contraseña incorrecta 3 veces consecutivas.,ADM,ADM-014: Gestión de Usuarios y Ciclo de Vida Seguro (https://www.notion.so/ADM-014-Gesti-n-de-Usuarios-y-Ciclo-de-Vida-Seguro-2c587c56a8288040bb4ef345e87e96d0?pvs=21),Entonces el sistema bloquea la cuenta temporalmente por 15 minutos y envía una alerta de seguridad al correo registrado.,ADM-014,77
Recuperación de Contraseña (Self-Service),AC-ADM-014-78,Cuando solicita el restablecimiento desde la pantalla de Login.,Dado que un usuario olvidó su contraseña.,ADM,ADM-014: Gestión de Usuarios y Ciclo de Vida Seguro (https://www.notion.so/ADM-014-Gesti-n-de-Usuarios-y-Ciclo-de-Vida-Seguro-2c587c56a8288040bb4ef345e87e96d0?pvs=21),Entonces recibe un enlace seguro (token de un solo uso) con validez de 1 hora para definir una nueva credencial que cumpla la política de complejidad (mínimo 12 caracteres).,ADM-014,78
Prueba de conexión API exitosa,AC-ADM-015-79,"Cuando hace clic en el botón ""Probar Conexión"".","Dado que el Administrador está en la pantalla de ""Integraciones"" y ha ingresado una API Key válida del ERP.",ADM,ADM-015: Configuración de Integración ERP (Simulación) (https://www.notion.so/ADM-015-Configuraci-n-de-Integraci-n-ERP-Simulaci-n-2c587c56a82880a289c3e1c11af31b3b?pvs=21),"Entonces el sistema debe mostrar un mensaje de éxito: ""Conexión con ERP establecida"".",ADM-015,79
Prueba de conexión API fallida,AC-ADM-015-80,Cuando intenta probar la conexión con una API Key incorrecta o expirada.,"Dado que el Administrador está en la pantalla de ""Integraciones"".",ADM,ADM-015: Configuración de Integración ERP (Simulación) (https://www.notion.so/ADM-015-Configuraci-n-de-Integraci-n-ERP-Simulaci-n-2c587c56a82880a289c3e1c11af31b3b?pvs=21),"Entonces el sistema debe mostrar un mensaje de error claro: ""Fallo la autenticación. Verifique la API Key.""",ADM-015,80
Publicar anuncio a un rol específico,AC-ADM-016-81,"Cuando escribe un mensaje, selecciona el rol ""Técnico"" como destinatario y lo publica.","Dado que el Administrador está en la pantalla de ""Publicar Anuncio"".",ADM,ADM-016: Publicación de Anuncios del Sistema (https://www.notion.so/ADM-016-Publicaci-n-de-Anuncios-del-Sistema-2c587c56a828807e8020fb449e3e86d1?pvs=21),"Entonces solo los usuarios con el rol ""Técnico"" deben ver un banner con ese anuncio la próxima vez que inicien sesión.",ADM-016,81
Visualización de KPIs Globales,AC-ADM-017-82,"Cuando navega al módulo de ""Inteligencia de Mantenimiento"".",Dado que el Gerente ha iniciado sesión.,ADM,ADM-017: Dashboard Ejecutivo de KPIs (https://www.notion.so/ADM-017-Dashboard-Ejecutivo-de-KPIs-2c587c56a8288043914df61cd7bc6597?pvs=21),"Entonces el sistema debe mostrar los indicadores MTBF, MTTR y Disponibilidad del mes en curso para toda la planta, utilizando gráficos de tendencia (líneas) y medidores (gauges).",ADM-017,82
Filtrado por Rango de Fecha y Zona,AC-ADM-017-83,"Cuando selecciona el rango ""Último Trimestre"" y filtra por la zona ""Casa de Bombas"".",Dado que el Gerente está viendo el Dashboard General.,ADM,ADM-017: Dashboard Ejecutivo de KPIs (https://www.notion.so/ADM-017-Dashboard-Ejecutivo-de-KPIs-2c587c56a8288043914df61cd7bc6597?pvs=21),Entonces todos los gráficos deben recalcularse automáticamente para mostrar solo los datos de esa zona en ese periodo.,ADM-017,83
Drill-down a Activos Críticos (Pareto),AC-ADM-017-84,Cuando hace clic en la barra del activo más crítico (el número 1).,"Dado que el Gerente visualiza el gráfico de ""Top 10 Activos con más Paradas"" (Pareto).",ADM,ADM-017: Dashboard Ejecutivo de KPIs (https://www.notion.so/ADM-017-Dashboard-Ejecutivo-de-KPIs-2c587c56a8288043914df61cd7bc6597?pvs=21),"Entonces el sistema debe redirigirlo a la ""Hoja de Vida"" de ese activo específico para ver el detalle de sus últimas fallas.",ADM-017,84
Reporte descargado correctamente,AC-ADM-018-85,Cuando selecciona el mes a consultar y hace clic en “Descargar PDF”.,Dado que el Gerente está en la pantalla de “Inteligencia de Negocio”.,ADM,ADM-018: Exportación de Reportes en PDF (https://www.notion.so/ADM-018-Exportaci-n-de-Reportes-en-PDF-2c587c56a82880728fcefbb565bf678c?pvs=21),Entonces el sistema debe generar y descargar un archivo .pdf que contenga los gráficos de los indicadores seleccionados y mostrar el mensaje: “Reporte generado correctamente.”,ADM-018,85
Intento fallido por falta de datos,AC-ADM-018-86,Cuando el sistema detecta que no existen registros suficientes para calcular los indicadores.,Dado que el Gerente intenta descargar el reporte del mes seleccionado.,ADM,ADM-018: Exportación de Reportes en PDF (https://www.notion.so/ADM-018-Exportaci-n-de-Reportes-en-PDF-2c587c56a82880728fcefbb565bf678c?pvs=21),Entonces debe mostrar un mensaje de error: “No hay datos disponibles para generar el reporte del mes seleccionado.”,ADM-018,86
Exportación de Datos para BI,AC-ADM-019-87,"Cuando selecciona la opción ""Exportar Dataset estructurado"".",Dado que el Gerente está viendo el Dashboard de KPIs.,ADM,ADM-019: Sincronización de Datos con Herramientas BI (https://www.notion.so/ADM-019-Sincronizaci-n-de-Datos-con-Herramientas-BI-2c587c56a828805a9d29ddf7935a4a57?pvs=21),Entonces el sistema debe generar un archivo con formato compatible para ser importado en herramientas de oficina.,ADM-019,87
Conexión de Datos,AC-ADM-019-88,Cuando configura el conector con la interfaz de conexión programática del sistema y su credencial.,Dado que el Gerente utiliza una herramienta de BI externa.,ADM,ADM-019: Sincronización de Datos con Herramientas BI (https://www.notion.so/ADM-019-Sincronizaci-n-de-Datos-con-Herramientas-BI-2c587c56a828805a9d29ddf7935a4a57?pvs=21),Entonces la herramienta externa debe ser capaz de importar la tabla de datos históricos de KPIs y permitir su actualización automática.,ADM-019,88
Detección de Sobre-Mantenimiento,AC-ADM-022-89,"Cuando el Supervisor accede al módulo de ""Optimización PMO"".",Dado que un activo tiene mantenimientos preventivos mensuales y cero fallas registradas en los últimos 12 meses.,ADM,ADM-022: Sugerencias de Optimización (PMO) (https://www.notion.so/ADM-022-Sugerencias-de-Optimizaci-n-PMO-2c687c56a8288077a868ce5ee0cddaad?pvs=21),"Entonces el sistema debe mostrar una tarjeta de sugerencia: ""Activo [ID] con alta confiabilidad. Se sugiere aumentar frecuencia a Bimestral"".",ADM-022,89
Aplicación de Sugerencia,AC-ADM-022-90,"Cuando el Supervisor hace clic en ""Aplicar Cambio"".",Dado que el sistema muestra una sugerencia de cambio de frecuencia.,ADM,ADM-022: Sugerencias de Optimización (PMO) (https://www.notion.so/ADM-022-Sugerencias-de-Optimizaci-n-PMO-2c687c56a8288077a868ce5ee0cddaad?pvs=21),Entonces el Plan de Mantenimiento Preventivo asociado debe actualizarse automáticamente con la nueva frecuencia y registrar quién aprobó el cambio.,ADM-022,90
Cambio de Logo,AC-ADM-024-91,"Cuando carga un archivo de imagen (PNG/JPG) en el campo ""Logo Corporativo"" y guarda los cambios.","Dado que el Administrador se encuentra en la pantalla de ""Configuración General"".",ADM,ADM-024: Configuración General del Sistema (https://www.notion.so/ADM-024-Configuraci-n-General-del-Sistema-2c787c56a82880e898ade2a7463bb60c?pvs=21),Entonces el logo en la barra de navegación superior se actualiza inmediatamente para reflejar la nueva imagen.,ADM-024,91
Cambio de Zona Horaria,AC-ADM-024-92,"Cuando selecciona ""UTC-5 (Colombia)"" en la lista desplegable de Zona Horaria.",Dado que el Administrador está en la configuración regional y la hora actual del sistema está en UTC.,ADM,ADM-024: Configuración General del Sistema (https://www.notion.so/ADM-024-Configuraci-n-General-del-Sistema-2c787c56a82880e898ade2a7463bb60c?pvs=21),Entonces todas las fechas y horas mostradas en las Órdenes de Trabajo deben ajustarse automáticamente a la nueva zona seleccionada.,ADM-024,92
Captura de Modificación de Datos Críticos,AC-ADM-032-93,Cuando guarda los cambios.,"Dado que un Planificador cambia la ""Prioridad"" de una Orden de Trabajo de ""Alta"" a ""Baja"".",ADM,ADM-032: Sistema de Auditoríaoría Inmutable (Auditoría Trail) (https://www.notion.so/ADM-032-Sistema-de-Auditor-aor-a-Inmutable-Auditor-a-Trail-30e87c56a8288047a465f913d7ea075d?pvs=21),"Entonces el sistema registra automáticamente una entrada de auditoría con: Quién: ""Carlos.Gomez""; Cuándo: 2026-02-21 10:30:05 UTC; Qué: Entidad ""WorkOrder"", ID ""WO-1052""; Detalle: Campo ""Priority"" cambió de ""Alta"" a ""Baja"".",ADM-032,93
Consulta de Historial por Activo,AC-ADM-032-94,"Cuando filtra el registro de auditoría por ""EntityID = P-101"".","Dado que el Auditoríaor está investigando el historial del activo ""Bomba P-101"".",ADM,ADM-032: Sistema de Auditoríaoría Inmutable (Auditoría Trail) (https://www.notion.so/ADM-032-Sistema-de-Auditor-aor-a-Inmutable-Auditor-a-Trail-30e87c56a8288047a465f913d7ea075d?pvs=21),"Entonces visualiza una línea de tiempo completa de todos los cambios de estado, mantenimientos y modificaciones de atributos desde su creación.",ADM-032,94
Trazabilidad de Eliminación (Soft-Delete),AC-ADM-032-95,Cuando confirma la acción.,"Dado que un usuario intenta eliminar un registro de ""Repuesto"" del inventario maestro.",ADM,ADM-032: Sistema de Auditoríaoría Inmutable (Auditoría Trail) (https://www.notion.so/ADM-032-Sistema-de-Auditor-aor-a-Inmutable-Auditor-a-Trail-30e87c56a8288047a465f913d7ea075d?pvs=21),"Entonces el sistema marca el registro como inactivo (Soft-Delete) y crea una entrada de auditoría de tipo ""DELETE_ATTEMPT"" con la justificación ingresada (si aplica).",ADM-032,95
Modelo No Disponible (Degradación Elegante),AC-VIS-010-96,"Cuando intenta activar la opción ""Ver Despiece"".",Dado que el Técnico selecciona un activo cuyo modelo de despiece no ha sido cargado al repositorio.,VIS,VIS-010: Visualización de Despiece (Vista Explosionada) (https://www.notion.so/VIS-010-Visualizaci-n-de-Despiece-Vista-Explosionada-2c587c56a8288012879de8212fc850a9?pvs=21),"Entonces el sistema muestra un aviso claro (""Modelo de despiece no disponible para este activo"") sin bloquear el acceso al resto del panel de detalles del activo.",VIS-010,96